if_skills,then_skills,support,confidence,lift
<<<<<<< HEAD
PostgreSQL,Docker + Git,0.05,0.6,7.2
Docker + Git,PostgreSQL,0.05,0.6,7.2
jQuery,JavaScript + MySQL,0.05,0.667,6.154
JavaScript + MySQL,jQuery,0.05,0.462,6.154
Oracle,CI/CD + Java,0.05,0.462,6.154
CI/CD + Java,Oracle,0.05,0.667,6.154
PostgreSQL,Agile + JavaScript,0.05,0.6,6.0
Agile + JavaScript,PostgreSQL,0.05,0.5,6.0
Agile + Git,PostgreSQL,0.05,0.5,6.0
PostgreSQL,Agile + Git,0.05,0.6,6.0
Oracle,JavaScript + SQL,0.058,0.538,5.874
JavaScript + SQL,Oracle,0.058,0.636,5.874
jQuery,CSS + Git,0.05,0.667,5.714
CSS + Git,React,0.05,0.429,5.714
CSS + Git,jQuery,0.05,0.429,5.714
React,CSS + Git,0.05,0.667,5.714
Git + SQL,MySQL,0.05,0.75,5.625
Git + PostgreSQL,Docker,0.05,0.75,5.625
Oracle,CSS + SQL,0.05,0.462,5.538
Oracle,Java + SQL,0.075,0.692,5.538
CSS + SQL,Oracle,0.05,0.6,5.538
MySQL + SQL,Oracle,0.05,0.6,5.538
Java + SQL,Oracle,0.075,0.6,5.538
Oracle,MySQL + SQL,0.05,0.462,5.538
CI/CD,Java + Oracle,0.05,0.545,5.455
Java + Oracle,CI/CD,0.05,0.5,5.455
Java + MySQL,jQuery,0.05,0.4,5.333
jQuery,Java + MySQL,0.05,0.667,5.333
Agile + Java,PostgreSQL,0.058,0.438,5.25
PostgreSQL,Agile + Java,0.058,0.7,5.25
CSS + SQL,MySQL,0.058,0.7,5.25
MySQL,CSS + SQL,0.058,0.438,5.25
Oracle,CI/CD,0.05,0.462,5.035
CI/CD,Oracle,0.05,0.545,5.035
JavaScript + jQuery,MySQL,0.05,0.667,5.0
Docker,Agile + Git,0.067,0.5,5.0
jQuery,MySQL,0.05,0.667,5.0
Docker + JavaScript,Git,0.058,1.0,5.0
Docker + PostgreSQL,Git,0.05,1.0,5.0
Agile + Git,Docker,0.067,0.667,5.0
JavaScript + React,Git,0.058,1.0,5.0
Java + jQuery,MySQL,0.05,0.667,5.0
Java + PostgreSQL,MySQL,0.05,0.667,5.0
CSS + React,Git,0.05,1.0,5.0
Java + React,Git,0.058,1.0,5.0
React,Git + JavaScript,0.058,0.778,4.912
jQuery,Git + JavaScript,0.058,0.778,4.912
CSS + Oracle,SQL,0.05,0.857,4.898
MySQL + Oracle,SQL,0.05,0.857,4.898
Agile + CSS,HTML,0.067,0.889,4.848
jQuery,CSS + Java,0.067,0.889,4.848
jQuery,CSS + JavaScript,0.067,0.889,4.848
Java + MySQL,PostgreSQL,0.05,0.4,4.8
PostgreSQL,Java + MySQL,0.05,0.6,4.8
JavaScript + SQL,MySQL,0.058,0.636,4.773
Azure,Docker,0.058,0.636,4.773
Docker,Azure,0.058,0.438,4.773
MySQL,JavaScript + SQL,0.058,0.438,4.773
MongoDB,Git + JavaScript,0.05,0.75,4.737
CSS + Oracle,HTML,0.05,0.857,4.675
HTML + SQL,CSS,0.067,1.0,4.615
Agile + JavaScript,Oracle,0.05,0.5,4.615
Oracle,Agile + JavaScript,0.05,0.462,4.615
Oracle + SQL,MySQL,0.05,0.6,4.5
MySQL,Java + SQL,0.075,0.562,4.5
Docker + Java,Git,0.075,0.9,4.5
PostgreSQL,Docker,0.05,0.6,4.5
Java + SQL,MySQL,0.075,0.6,4.5
JavaScript + Oracle,MySQL,0.05,0.6,4.5
PostgreSQL,MySQL,0.05,0.6,4.5
jQuery,HTML + JavaScript,0.05,0.667,4.444
jQuery,HTML + Java,0.05,0.667,4.444
React,Git + Java,0.058,0.778,4.444
jQuery,Git + Java,0.058,0.778,4.444
CSS,HTML,0.175,0.808,4.406
HTML,CSS,0.175,0.955,4.406
Oracle,SQL,0.083,0.769,4.396
SQL,Oracle,0.083,0.476,4.396
MySQL,Java + Oracle,0.058,0.438,4.375
Java + Oracle,MySQL,0.058,0.583,4.375
CSS + SQL,HTML,0.067,0.8,4.364
CSS,HTML + JavaScript,0.142,0.654,4.359
HTML + Java,CSS,0.142,0.944,4.359
CSS,HTML + Java,0.142,0.654,4.359
HTML + JavaScript,CSS,0.142,0.944,4.359
Java + MySQL,Oracle,0.058,0.467,4.308
Oracle,Java + MySQL,0.058,0.538,4.308
CSS + Git,MySQL,0.067,0.571,4.286
Java + Oracle,SQL,0.075,0.75,4.286
MongoDB,Git + Java,0.05,0.75,4.286
JavaScript + MongoDB,Git,0.05,0.857,4.286
SQL,Java + Oracle,0.075,0.429,4.286
MySQL,CSS + Git,0.067,0.5,4.286
JavaScript + MySQL,Oracle,0.05,0.462,4.26
Oracle,JavaScript + MySQL,0.05,0.462,4.26
CSS + Java,HTML,0.142,0.773,4.215
HTML,CSS + Java,0.142,0.773,4.215
CSS + JavaScript,HTML,0.142,0.773,4.215
HTML,CSS + JavaScript,0.142,0.773,4.215
Git + HTML,CSS,0.075,0.9,4.154
JavaScript + jQuery,CSS,0.067,0.889,4.103
Java + jQuery,CSS,0.067,0.889,4.103
HTML + MySQL,CSS,0.067,0.889,4.103
Agile + HTML,CSS,0.067,0.889,4.103
jQuery,CSS,0.067,0.889,4.103
MongoDB,CSS + Java,0.05,0.75,4.091
MongoDB,CSS + JavaScript,0.05,0.75,4.091
CI/CD,Docker,0.05,0.545,4.091
CI/CD,Agile + Java,0.05,0.545,4.091
Oracle,Agile + Java,0.058,0.538,4.038
API + Java,MySQL,0.058,0.538,4.038
MySQL,Oracle,0.058,0.438,4.038
Oracle,MySQL,0.058,0.538,4.038
MySQL,API + Java,0.058,0.438,4.038
Agile + Java,Oracle,0.058,0.438,4.038
JavaScript + Oracle,SQL,0.058,0.7,4.0
Node.js,JavaScript,0.05,1.0,4.0
CSS + jQuery,JavaScript,0.067,1.0,4.0
CSS + React,JavaScript,0.05,1.0,4.0
jQuery,JavaScript,0.075,1.0,4.0
CSS + PostgreSQL,JavaScript,0.05,1.0,4.0
CSS + Oracle,JavaScript,0.058,1.0,4.0
HTML + Oracle,JavaScript,0.058,1.0,4.0
HTML + jQuery,JavaScript,0.05,1.0,4.0
Java + Node.js,JavaScript,0.05,1.0,4.0
JavaScript,HTML + Java,0.15,0.6,4.0
HTML + Java,JavaScript,0.15,1.0,4.0
Git + jQuery,JavaScript,0.058,1.0,4.0
Git + React,JavaScript,0.058,1.0,4.0
PostgreSQL,Git,0.067,0.8,4.0
Java + jQuery,JavaScript,0.075,1.0,4.0
Node.js,Java + JavaScript,0.05,1.0,4.0
jQuery,Java + JavaScript,0.075,1.0,4.0
Java + React,JavaScript,0.058,1.0,4.0
Java + Python,JavaScript,0.058,1.0,4.0
PostgreSQL,Git + Java,0.058,0.7,4.0
Git + HTML,JavaScript,0.083,1.0,4.0
Git + MongoDB,JavaScript,0.05,1.0,4.0
JavaScript,CSS + Java,0.183,0.733,4.0
CSS + MongoDB,JavaScript,0.05,1.0,4.0
CSS + Java,JavaScript,0.183,1.0,4.0
JavaScript,CSS + Git,0.117,0.467,4.0
CSS + Git,JavaScript,0.117,1.0,4.0
Agile + Docker,Git,0.067,0.8,4.0
MySQL + jQuery,JavaScript,0.05,1.0,4.0
Git + React,CSS,0.05,0.857,3.956
Git + jQuery,CSS,0.05,0.857,3.956
HTML + Oracle,CSS,0.05,0.857,3.956
JavaScript + MongoDB,CSS,0.05,0.857,3.956
Java + React,CSS,0.05,0.857,3.956
JavaScript + React,CSS,0.05,0.857,3.956
MySQL,Git + JavaScript,0.083,0.625,3.947
Git + JavaScript,MySQL,0.083,0.526,3.947
MySQL,Git + Java,0.092,0.688,3.929
Git + Java,MySQL,0.092,0.524,3.929
CSS,JavaScript + MySQL,0.092,0.423,3.905
JavaScript + MySQL,CSS,0.092,0.846,3.905
Java + PostgreSQL,Git,0.058,0.778,3.889
CI/CD + Java,Git,0.058,0.778,3.889
JavaScript + jQuery,Git,0.058,0.778,3.889
Java + jQuery,Git,0.058,0.778,3.889
jQuery,Git,0.058,0.778,3.889
React,Git,0.058,0.778,3.889
Git,JavaScript + MySQL,0.083,0.417,3.846
JavaScript + MySQL,Git,0.083,0.769,3.846
JavaScript + Oracle,HTML,0.058,0.7,3.818
PostgreSQL,Git + JavaScript,0.05,0.6,3.789
Agile + JavaScript,MySQL,0.05,0.5,3.75
MongoDB,Git,0.05,0.75,3.75
MySQL,CSS + Java,0.092,0.688,3.75
CSS + Java,MySQL,0.092,0.5,3.75
MySQL,CSS + JavaScript,0.092,0.688,3.75
Agile + PostgreSQL,Git,0.05,0.75,3.75
JavaScript + PostgreSQL,Git,0.05,0.75,3.75
Java + MongoDB,Git,0.05,0.75,3.75
CSS + jQuery,Git,0.05,0.75,3.75
CSS + JavaScript,MySQL,0.092,0.5,3.75
MySQL,Agile + Java,0.067,0.5,3.75
Agile + Java,MySQL,0.067,0.5,3.75
PostgreSQL,Agile,0.067,0.8,3.692
Docker + Git,Agile,0.067,0.8,3.692
Git,Java + MySQL,0.092,0.458,3.667
Java + MySQL,Git,0.092,0.733,3.667
CSS + MySQL,JavaScript,0.092,0.917,3.667
Git + MySQL,JavaScript,0.083,0.909,3.636
React,CSS + JavaScript,0.05,0.667,3.636
CI/CD,Git + Java,0.058,0.636,3.636
React,CSS + Java,0.05,0.667,3.636
JavaScript + jQuery,HTML,0.05,0.667,3.636
CSS + MySQL,HTML,0.067,0.667,3.636
jQuery,HTML,0.05,0.667,3.636
Java + jQuery,HTML,0.05,0.667,3.636
Agile + JavaScript,HTML,0.067,0.667,3.636
Git + Java,JavaScript,0.158,0.905,3.619
JavaScript,Git + Java,0.158,0.633,3.619
Java + PostgreSQL,Agile,0.058,0.778,3.59
Oracle,HTML + JavaScript,0.058,0.538,3.59
Oracle,HTML + Java,0.058,0.538,3.59
SQL,MySQL,0.083,0.476,3.571
MySQL,SQL,0.083,0.625,3.571
Agile + HTML,JavaScript,0.067,0.889,3.556
HTML + MySQL,JavaScript,0.067,0.889,3.556
Agile + CSS,JavaScript,0.067,0.889,3.556
Java + PostgreSQL,JavaScript,0.067,0.889,3.556
HTML,CSS + Git,0.075,0.409,3.506
CSS + Git,HTML,0.075,0.643,3.506
MongoDB,Java + JavaScript,0.058,0.875,3.5
Git + SQL,JavaScript,0.058,0.875,3.5
API + JavaScript,Git,0.058,0.7,3.5
Java + MongoDB,JavaScript,0.058,0.875,3.5
MongoDB,JavaScript,0.058,0.875,3.5
JavaScript,Java + MySQL,0.108,0.433,3.467
Java + MySQL,JavaScript,0.108,0.867,3.467
CSS,MySQL,0.1,0.462,3.462
MySQL,CSS,0.1,0.75,3.462
API + Java,Git,0.075,0.692,3.462
Git + PostgreSQL,Agile,0.05,0.75,3.462
Java + MongoDB,CSS,0.05,0.75,3.462
JavaScript + PostgreSQL,Agile,0.05,0.75,3.462
MongoDB,CSS,0.05,0.75,3.462
JavaScript + PostgreSQL,CSS,0.05,0.75,3.462
MySQL,Git,0.092,0.688,3.438
Git,MySQL,0.092,0.458,3.437
SQL,Java + MySQL,0.075,0.429,3.429
Docker + Java,SQL,0.05,0.6,3.429
API + Agile,SQL,0.05,0.6,3.429
MySQL + Oracle,JavaScript,0.05,0.857,3.429
Java + MySQL,SQL,0.075,0.6,3.429
Agile + Oracle,JavaScript,0.05,0.857,3.429
Git + JavaScript,CSS,0.117,0.737,3.401
CSS,Git + JavaScript,0.117,0.538,3.401
CSS,Java + JavaScript,0.183,0.846,3.385
Java + JavaScript,CSS,0.183,0.733,3.385
CSS,Java + MySQL,0.092,0.423,3.385
Java + MySQL,CSS,0.092,0.733,3.385
CSS,JavaScript,0.183,0.846,3.385
JavaScript,CSS,0.183,0.733,3.385
Git + MySQL,CSS,0.067,0.727,3.357
JavaScript + MySQL,HTML,0.067,0.615,3.357
JavaScript + SQL,CSS,0.067,0.727,3.357
HTML + JavaScript,MySQL,0.067,0.444,3.333
Java + Oracle,JavaScript,0.083,0.833,3.333
MySQL,HTML + JavaScript,0.067,0.5,3.333
CSS + MySQL,SQL,0.058,0.583,3.333
HTML + Java,MySQL,0.067,0.444,3.333
MySQL,HTML + Java,0.067,0.5,3.333
CSS + MySQL,Git,0.067,0.667,3.333
Agile + Java,Docker,0.058,0.438,3.281
Docker,Agile + Java,0.058,0.438,3.281
PostgreSQL,CSS + JavaScript,0.05,0.6,3.273
HTML,Java + JavaScript,0.15,0.818,3.273
PostgreSQL,CSS + Java,0.05,0.6,3.273
Agile + SQL,API,0.05,0.545,3.273
Java + JavaScript,HTML,0.15,0.6,3.273
HTML,JavaScript,0.15,0.818,3.273
JavaScript,HTML,0.15,0.6,3.273
MySQL,Java + JavaScript,0.108,0.812,3.25
Java + JavaScript,MySQL,0.108,0.433,3.25
JavaScript,MySQL,0.108,0.433,3.25
MySQL,JavaScript,0.108,0.812,3.25
JavaScript,CSS + HTML,0.142,0.567,3.238
CSS + HTML,JavaScript,0.142,0.81,3.238
MySQL + SQL,CSS,0.058,0.7,3.231
JavaScript + Oracle,CSS,0.058,0.7,3.231
Docker + Java,Agile,0.058,0.7,3.231
Docker,Git + Java,0.075,0.562,3.214
Git + Java,Docker,0.075,0.429,3.214
CSS + SQL,JavaScript,0.067,0.8,3.2
PostgreSQL,JavaScript,0.067,0.8,3.2
PostgreSQL,Java + JavaScript,0.067,0.8,3.2
CI/CD,Git,0.058,0.636,3.182
Git,CSS + Java,0.117,0.583,3.182
Java + Oracle,HTML,0.058,0.583,3.182
CSS + Java,Git,0.117,0.636,3.182
JavaScript + SQL,Git,0.058,0.636,3.182
Git,CSS + JavaScript,0.117,0.583,3.182
CSS + JavaScript,Git,0.117,0.636,3.182
Java + JavaScript,Git,0.158,0.633,3.167
JavaScript,Git,0.158,0.633,3.167
Git,JavaScript,0.158,0.792,3.167
Git,Java + JavaScript,0.158,0.792,3.167
CSS + jQuery,Java,0.067,1.0,3.158
Git + HTML,Java,0.083,1.0,3.158
Docker + SQL,Java,0.05,1.0,3.158
Docker + JavaScript,Java,0.058,1.0,3.158
MongoDB,Java,0.067,1.0,3.158
CSS + JavaScript,Java,0.183,1.0,3.158
CSS + MongoDB,Java,0.05,1.0,3.158
CSS + React,Java,0.05,1.0,3.158
CSS + Oracle,Java,0.058,1.0,3.158
CSS + PostgreSQL,Java,0.05,1.0,3.158
API + JavaScript,Java,0.083,1.0,3.158
jQuery,Java,0.075,1.0,3.158
Git + MongoDB,Java,0.05,1.0,3.158
Git + MySQL,Java,0.092,1.0,3.158
Git + JavaScript,Java,0.158,1.0,3.158
Java,Git + JavaScript,0.158,0.5,3.158
Git + Oracle,Java,0.05,1.0,3.158
API + Git,Java,0.075,1.0,3.158
MySQL + PostgreSQL,Java,0.05,1.0,3.158
Java,CSS + JavaScript,0.183,0.579,3.158
Java,JavaScript,0.25,0.789,3.158
CI/CD + JavaScript,Java,0.058,1.0,3.158
Node.js,Java,0.05,1.0,3.158
CI/CD + Git,Java,0.058,1.0,3.158
Jira,Java,0.05,1.0,3.158
JavaScript,Java,0.25,1.0,3.158
Git + React,Java,0.058,1.0,3.158
CSS + Git,Java,0.117,1.0,3.158
Java,HTML + JavaScript,0.15,0.474,3.158
HTML + Oracle,Java,0.058,1.0,3.158
HTML + JavaScript,Java,0.15,1.0,3.158
Git + jQuery,Java,0.058,1.0,3.158
HTML + jQuery,Java,0.05,1.0,3.158
Git + SQL,Java,0.067,1.0,3.158
Spring,Java,0.058,1.0,3.158
CI/CD + Oracle,Java,0.05,1.0,3.158
JavaScript + MySQL,Java,0.108,1.0,3.158
JavaScript + Node.js,Java,0.05,1.0,3.158
JavaScript + React,Java,0.058,1.0,3.158
MySQL + jQuery,Java,0.05,1.0,3.158
JavaScript + jQuery,Java,0.075,1.0,3.158
MySQL + Oracle,Java,0.058,1.0,3.158
Agile + MySQL,Java,0.067,1.0,3.158
Agile + JavaScript,Java,0.1,1.0,3.158
JavaScript + Oracle,Java,0.083,1.0,3.158
JavaScript + PostgreSQL,Java,0.067,1.0,3.158
JavaScript + MongoDB,Java,0.058,1.0,3.158
Agile + Oracle,Java,0.058,1.0,3.158
JavaScript + Python,Java,0.058,1.0,3.158
JavaScript + SQL,Java,0.092,1.0,3.158
Git,Docker,0.083,0.417,3.125
Docker,Git,0.083,0.625,3.125
Git + MySQL,SQL,0.05,0.545,3.117
React,Java + JavaScript,0.058,0.778,3.111
API + Git,JavaScript,0.058,0.778,3.111
React,JavaScript,0.058,0.778,3.111
CI/CD + Java,JavaScript,0.058,0.778,3.111
CI/CD + Java,Agile,0.05,0.667,3.077
API + Git,Agile,0.05,0.667,3.077
CSS,Git + Java,0.117,0.538,3.077
Java + PostgreSQL,CSS,0.05,0.667,3.077
API + Java,JavaScript,0.083,0.769,3.077
Agile + JavaScript,CSS,0.067,0.667,3.077
Git + Java,CSS,0.117,0.667,3.077
JavaScript + MySQL,SQL,0.058,0.538,3.077
React,CSS,0.05,0.667,3.077
Oracle,Java + JavaScript,0.083,0.769,3.077
Oracle,JavaScript,0.083,0.769,3.077
MySQL,HTML,0.075,0.562,3.068
HTML,MySQL,0.075,0.409,3.068
JavaScript,Agile + Java,0.1,0.4,3.0
API,MySQL,0.067,0.4,3.0
MySQL + SQL,Git,0.05,0.6,3.0
Git + PostgreSQL,JavaScript,0.05,0.75,3.0
Agile + MySQL,JavaScript,0.05,0.75,3.0
Agile + PostgreSQL,JavaScript,0.05,0.75,3.0
Agile + Java,JavaScript,0.1,0.75,3.0
HTML + SQL,JavaScript,0.05,0.75,3.0
API,Agile + Java,0.067,0.4,3.0
Agile + Java,API,0.067,0.5,3.0
Java + SQL,Docker,0.05,0.4,3.0
Agile + Git,API,0.05,0.5,3.0
API + Agile,Git,0.05,0.6,3.0
MySQL,API,0.067,0.5,3.0
JavaScript + SQL,HTML,0.05,0.545,2.975
MySQL,Java,0.125,0.938,2.961
Oracle,CSS + Java,0.058,0.538,2.937
Oracle,HTML,0.058,0.538,2.937
CI/CD,Agile,0.058,0.636,2.937
Azure,Agile,0.058,0.636,2.937
Oracle,CSS + JavaScript,0.058,0.538,2.937
Java + SQL,JavaScript,0.092,0.733,2.933
Agile + JavaScript,Git,0.058,0.583,2.917
Oracle,Java,0.1,0.923,2.915
Java + MySQL,HTML,0.067,0.533,2.909
CSS + MySQL,Java,0.092,0.917,2.895
Docker,Agile,0.083,0.625,2.885
Git + JavaScript,HTML,0.083,0.526,2.871
HTML,Git + JavaScript,0.083,0.455,2.871
API,SQL,0.083,0.5,2.857
SQL,API,0.083,0.476,2.857
Agile + Java,SQL,0.067,0.5,2.857
Agile + JavaScript,SQL,0.05,0.5,2.857
MySQL,CSS + HTML,0.067,0.5,2.857
PostgreSQL,Java,0.075,0.9,2.842
MySQL + SQL,Java,0.075,0.9,2.842
Docker + Git,Java,0.075,0.9,2.842
Oracle + SQL,Java,0.075,0.9,2.842
API + Java,Agile,0.067,0.615,2.84
Agile + Java,Git,0.075,0.562,2.812
HTML + MySQL,Java,0.067,0.889,2.807
Agile + CSS,Java,0.067,0.889,2.807
Agile + HTML,Java,0.067,0.889,2.807
Docker + Git,JavaScript,0.058,0.7,2.8
Oracle + SQL,JavaScript,0.058,0.7,2.8
MySQL + SQL,JavaScript,0.058,0.7,2.8
Java + MySQL,API,0.058,0.467,2.8
Docker + Java,JavaScript,0.058,0.7,2.8
HTML + Java,Git,0.083,0.556,2.778
Git,HTML + JavaScript,0.083,0.417,2.778
HTML + JavaScript,Git,0.083,0.556,2.778
Git,HTML + Java,0.083,0.417,2.778
PostgreSQL,CSS,0.05,0.6,2.769
JavaScript + Oracle,Agile,0.05,0.6,2.769
API + SQL,Agile,0.05,0.6,2.769
Oracle + SQL,CSS,0.05,0.6,2.769
Docker,Git + JavaScript,0.058,0.438,2.763
API + MySQL,Java,0.058,0.875,2.763
Agile + PostgreSQL,Java,0.058,0.875,2.763
Git,Java,0.175,0.875,2.763
Git + PostgreSQL,Java,0.058,0.875,2.763
Java,Git,0.175,0.553,2.763
Agile + Java,HTML,0.067,0.5,2.727
Agile + CI/CD,Java,0.05,0.857,2.707
Java + Oracle,Agile,0.058,0.583,2.692
CSS,Git,0.117,0.538,2.692
Java + Oracle,CSS,0.058,0.583,2.692
Git,CSS,0.117,0.583,2.692
Java,CSS,0.183,0.579,2.672
CSS,Java,0.183,0.846,2.672
Java + SQL,Git,0.067,0.533,2.667
Oracle,Git + Java,0.05,0.462,2.637
API + Java,SQL,0.05,0.462,2.637
Oracle,CSS + HTML,0.05,0.462,2.637
HTML,Git + Java,0.083,0.455,2.597
Git + Java,HTML,0.083,0.476,2.597
CI/CD,Java,0.075,0.818,2.584
Java,HTML,0.15,0.474,2.584
HTML,Java,0.15,0.818,2.584
Git + Java,API,0.075,0.429,2.571
API,Git + Java,0.075,0.45,2.571
Python,API,0.05,0.429,2.571
CSS + HTML,Java,0.142,0.81,2.556
Java,CSS + HTML,0.142,0.447,2.556
CI/CD,Java + JavaScript,0.058,0.636,2.545
CI/CD,JavaScript,0.058,0.636,2.545
API + Agile,Java,0.067,0.8,2.526
CSS + SQL,Java,0.067,0.8,2.526
JavaScript + SQL,Agile,0.05,0.545,2.517
Java + Oracle,Git,0.05,0.5,2.5
Oracle,CSS,0.058,0.538,2.485
Oracle,Agile,0.058,0.538,2.485
Java + SQL,Agile,0.067,0.533,2.462
Java + MySQL,Agile,0.067,0.533,2.462
Java + SQL,CSS,0.067,0.533,2.462
React,Java,0.058,0.778,2.456
Agile,SQL,0.092,0.423,2.418
SQL,Agile,0.092,0.524,2.418
Java + SQL,API,0.05,0.4,2.4
HTML + SQL,Java,0.05,0.75,2.368
Agile + Git,Java,0.075,0.75,2.368
Agile + Git,JavaScript,0.058,0.583,2.333
Agile,Git,0.1,0.462,2.308
API,Agile,0.083,0.5,2.308
Agile + Java,CSS,0.067,0.5,2.308
Oracle,Git,0.05,0.462,2.308
Git,Agile,0.1,0.5,2.308
MySQL,Agile,0.067,0.5,2.308
Agile + SQL,Java,0.067,0.727,2.297
HTML,Git,0.083,0.455,2.273
Git,HTML,0.083,0.417,2.273
SQL,Java,0.125,0.714,2.256
API,Git,0.075,0.45,2.25
Agile + Docker,Java,0.058,0.7,2.211
SQL,CSS,0.083,0.476,2.198
Java + SQL,HTML,0.05,0.4,2.182
Agile + SQL,JavaScript,0.05,0.545,2.182
CSS + HTML,Git,0.075,0.429,2.143
JavaScript + MySQL,Agile,0.05,0.462,2.13
SQL,JavaScript,0.092,0.524,2.095
SQL,Java + JavaScript,0.092,0.524,2.095
API,Java,0.108,0.65,2.053
HTML + Java,Agile,0.067,0.444,2.051
HTML + JavaScript,Agile,0.067,0.444,2.051
API,Java + JavaScript,0.083,0.5,2.0
Python,JavaScript,0.058,0.5,2.0
API,JavaScript,0.083,0.5,2.0
Python,Java + JavaScript,0.058,0.5,2.0
Git + Java,Agile,0.075,0.429,1.978
Python,Agile,0.05,0.429,1.978
Docker,Java,0.083,0.625,1.974
Java,Agile,0.133,0.421,1.943
Agile,Java,0.133,0.615,1.943
API + SQL,Java,0.05,0.6,1.895
HTML,Agile,0.075,0.409,1.888
Agile,Java + JavaScript,0.1,0.462,1.846
Agile,JavaScript,0.1,0.462,1.846
JavaScript,Agile,0.1,0.4,1.846
Java + JavaScript,Agile,0.1,0.4,1.846
Docker,JavaScript,0.058,0.438,1.75
Docker,Java + JavaScript,0.058,0.438,1.75
Python,Java,0.058,0.5,1.579
=======
Docker + Git,PostgreSQL,0.055,0.667,8.074
PostgreSQL,Docker + Git,0.055,0.667,8.074
Agile + Git,PostgreSQL,0.055,0.545,6.606
PostgreSQL,Agile + Git,0.055,0.667,6.606
Git + SQL,MySQL,0.055,0.857,6.229
MySQL,Git + SQL,0.055,0.4,6.229
CI/CD + Java,Oracle,0.055,0.667,6.056
Oracle,CI/CD + Java,0.055,0.5,6.056
jQuery,JavaScript + MySQL,0.055,0.667,6.056
JavaScript + MySQL,jQuery,0.055,0.5,6.056
Oracle,JavaScript + SQL,0.055,0.5,6.056
JavaScript + SQL,Oracle,0.055,0.667,6.056
CSS + Git,React,0.055,0.429,5.839
React,CSS + Git,0.055,0.75,5.839
Oracle,Java + SQL,0.073,0.667,5.59
Java + SQL,Oracle,0.073,0.615,5.59
Git + PostgreSQL,Docker,0.055,0.75,5.45
Docker,Git + PostgreSQL,0.055,0.4,5.45
Java + Oracle,CI/CD,0.055,0.545,5.405
CI/CD,Java + Oracle,0.055,0.545,5.405
jQuery,Java + MySQL,0.055,0.667,5.19
jQuery,CSS + Git,0.055,0.667,5.19
PostgreSQL,Agile + Java,0.055,0.667,5.19
Agile + Java,PostgreSQL,0.055,0.429,5.19
CSS + Git,jQuery,0.055,0.429,5.19
Java + MySQL,jQuery,0.055,0.429,5.19
CI/CD,Oracle,0.055,0.545,4.955
Oracle,CI/CD,0.055,0.5,4.955
Docker,PostgreSQL,0.055,0.4,4.844
CSS + SQL,MySQL,0.055,0.667,4.844
PostgreSQL,Docker,0.055,0.667,4.844
Java + jQuery,MySQL,0.055,0.667,4.844
MySQL,Java + jQuery,0.055,0.4,4.844
MySQL,JavaScript + jQuery,0.055,0.4,4.844
MySQL,jQuery,0.055,0.4,4.844
MySQL,CSS + SQL,0.055,0.4,4.844
jQuery,MySQL,0.055,0.667,4.844
JavaScript + SQL,MySQL,0.055,0.667,4.844
JavaScript + jQuery,MySQL,0.055,0.667,4.844
MySQL,JavaScript + SQL,0.055,0.4,4.844
Docker + JavaScript,Git,0.055,1.0,4.739
Java + React,Git,0.055,1.0,4.739
Docker + PostgreSQL,Git,0.055,1.0,4.739
CSS + React,Git,0.055,1.0,4.739
JavaScript + React,Git,0.055,1.0,4.739
jQuery,Git + JavaScript,0.064,0.778,4.71
Docker,Agile + Git,0.064,0.467,4.624
MySQL,API + Java,0.064,0.467,4.624
API + Java,MySQL,0.064,0.636,4.624
Agile + Git,Docker,0.064,0.636,4.624
jQuery,CSS + Java,0.073,0.889,4.614
jQuery,CSS + JavaScript,0.073,0.889,4.614
React,Git + JavaScript,0.055,0.75,4.542
Agile + CSS,HTML,0.064,0.875,4.542
MongoDB,Git + JavaScript,0.055,0.75,4.542
MySQL,Java + SQL,0.073,0.533,4.472
Java + SQL,MySQL,0.073,0.615,4.472
Docker,Azure,0.055,0.4,4.36
Azure,Docker,0.055,0.6,4.36
Git + React,CSS,0.055,1.0,4.36
JavaScript + React,CSS,0.055,1.0,4.36
Java + React,CSS,0.055,1.0,4.36
HTML + SQL,CSS,0.064,1.0,4.36
Oracle,SQL,0.083,0.75,4.303
SQL,Oracle,0.083,0.474,4.303
jQuery,HTML + JavaScript,0.055,0.667,4.275
jQuery,HTML + Java,0.055,0.667,4.275
CI/CD,Agile + Java,0.055,0.545,4.247
Agile + Java,CI/CD,0.055,0.429,4.247
PostgreSQL,Git + Java,0.064,0.778,4.239
jQuery,Git + Java,0.064,0.778,4.239
Docker + Java,Git,0.073,0.889,4.213
PostgreSQL,Git,0.073,0.889,4.213
Java + Oracle,SQL,0.073,0.727,4.172
SQL,Java + Oracle,0.073,0.421,4.172
HTML,CSS,0.183,0.952,4.152
CSS + Git,MySQL,0.073,0.571,4.152
CSS,HTML,0.183,0.8,4.152
MySQL,CSS + Git,0.073,0.533,4.152
Java + PostgreSQL,Git,0.064,0.875,4.147
CSS,HTML + Java,0.147,0.64,4.104
HTML + JavaScript,CSS,0.147,0.941,4.104
HTML + Java,CSS,0.147,0.941,4.104
CSS,HTML + JavaScript,0.147,0.64,4.104
React,Git + Java,0.055,0.75,4.087
MongoDB,Git + Java,0.055,0.75,4.087
JavaScript + MongoDB,Git,0.055,0.857,4.062
JavaScript + PostgreSQL,Git,0.055,0.857,4.062
Agile + PostgreSQL,Git,0.055,0.857,4.062
Git + React,JavaScript,0.055,1.0,4.037
PostgreSQL,Git + JavaScript,0.055,0.667,4.037
Java + Python,JavaScript,0.064,1.0,4.037
HTML + Java,JavaScript,0.156,1.0,4.037
HTML + jQuery,JavaScript,0.055,1.0,4.037
Git + jQuery,JavaScript,0.064,1.0,4.037
JavaScript,HTML + Java,0.156,0.63,4.037
Git + JavaScript,MySQL,0.092,0.556,4.037
Git + MongoDB,JavaScript,0.055,1.0,4.037
MySQL,Git + JavaScript,0.092,0.667,4.037
CSS + React,JavaScript,0.055,1.0,4.037
jQuery,JavaScript,0.083,1.0,4.037
CSS + jQuery,JavaScript,0.073,1.0,4.037
HTML + Oracle,JavaScript,0.055,1.0,4.037
Java + React,JavaScript,0.055,1.0,4.037
CSS + SQL,HTML,0.064,0.778,4.037
JavaScript,CSS + Java,0.193,0.778,4.037
Java + jQuery,JavaScript,0.083,1.0,4.037
jQuery,Java + JavaScript,0.083,1.0,4.037
JavaScript,CSS + Git,0.128,0.519,4.037
CSS + Java,JavaScript,0.193,1.0,4.037
CSS + MongoDB,JavaScript,0.055,1.0,4.037
Git + HTML,JavaScript,0.092,1.0,4.037
CSS + Git,JavaScript,0.128,1.0,4.037
MySQL + jQuery,JavaScript,0.055,1.0,4.037
CSS + Oracle,JavaScript,0.055,1.0,4.037
MySQL,Git + Java,0.101,0.733,3.997
Git + Java,MySQL,0.101,0.55,3.997
MySQL,Java + Oracle,0.055,0.4,3.964
Docker,CI/CD,0.055,0.4,3.964
CI/CD,Docker,0.055,0.545,3.964
Java + Oracle,MySQL,0.055,0.545,3.964
HTML,CSS + JavaScript,0.147,0.762,3.955
CSS + JavaScript,HTML,0.147,0.762,3.955
CSS + Java,HTML,0.147,0.762,3.955
HTML,CSS + Java,0.147,0.762,3.955
JavaScript + MySQL,Git,0.092,0.833,3.949
Git,JavaScript + MySQL,0.092,0.435,3.949
Git + HTML,CSS,0.083,0.9,3.924
Oracle,Java + MySQL,0.055,0.5,3.893
Java + MySQL,Oracle,0.055,0.429,3.893
MongoDB,CSS + JavaScript,0.055,0.75,3.893
React,CSS + JavaScript,0.055,0.75,3.893
MongoDB,CSS + Java,0.055,0.75,3.893
React,CSS + Java,0.055,0.75,3.893
Oracle,Agile + Java,0.055,0.5,3.893
Agile + Java,Oracle,0.055,0.429,3.893
Java + jQuery,CSS,0.073,0.889,3.876
JavaScript + jQuery,CSS,0.073,0.889,3.876
jQuery,CSS,0.073,0.889,3.876
JavaScript + Oracle,SQL,0.055,0.667,3.825
Agile + HTML,CSS,0.064,0.875,3.815
HTML + MySQL,CSS,0.064,0.875,3.815
JavaScript + MongoDB,CSS,0.055,0.857,3.737
Git + jQuery,CSS,0.055,0.857,3.737
Java + MySQL,Git,0.101,0.786,3.724
Git,Java + MySQL,0.101,0.478,3.724
Docker + Git,Agile,0.064,0.778,3.686
Java + jQuery,Git,0.064,0.778,3.686
JavaScript + jQuery,Git,0.064,0.778,3.686
CI/CD + Java,Git,0.064,0.778,3.686
Agile + Docker,Git,0.064,0.778,3.686
jQuery,Git,0.064,0.778,3.686
PostgreSQL,Agile,0.064,0.778,3.686
CSS + MySQL,JavaScript,0.092,0.909,3.67
Git + MySQL,JavaScript,0.092,0.909,3.67
Agile + JavaScript,HTML,0.064,0.7,3.633
MySQL,Agile + Java,0.064,0.467,3.633
Agile + Java,MySQL,0.064,0.5,3.633
CSS,JavaScript + MySQL,0.092,0.4,3.633
MySQL,Oracle,0.055,0.4,3.633
JavaScript,Git + Java,0.165,0.667,3.633
Git + Java,JavaScript,0.165,0.9,3.633
Oracle,MySQL,0.055,0.5,3.633
JavaScript + MySQL,CSS,0.092,0.833,3.633
API + JavaScript,Git,0.055,0.75,3.554
Git + PostgreSQL,Agile,0.055,0.75,3.554
Java + MongoDB,Git,0.055,0.75,3.554
MongoDB,Git,0.055,0.75,3.554
React,Git,0.055,0.75,3.554
Java + PostgreSQL,Agile,0.055,0.75,3.554
CSS + jQuery,Git,0.055,0.75,3.554
MongoDB,Java + JavaScript,0.064,0.875,3.532
HTML + MySQL,JavaScript,0.064,0.875,3.532
Java + PostgreSQL,JavaScript,0.064,0.875,3.532
Java + MongoDB,JavaScript,0.064,0.875,3.532
Agile + HTML,JavaScript,0.064,0.875,3.532
MongoDB,JavaScript,0.064,0.875,3.532
Agile + CSS,JavaScript,0.064,0.875,3.532
MySQL,Git,0.101,0.733,3.475
Git,MySQL,0.101,0.478,3.475
CI/CD,Git + Java,0.064,0.636,3.468
JavaScript + jQuery,HTML,0.055,0.667,3.46
jQuery,HTML,0.055,0.667,3.46
JavaScript,Java + MySQL,0.11,0.444,3.46
MySQL,CSS + Java,0.092,0.667,3.46
MySQL,CSS + JavaScript,0.092,0.667,3.46
Java + jQuery,HTML,0.055,0.667,3.46
Git + SQL,JavaScript,0.055,0.857,3.46
JavaScript + Oracle,HTML,0.055,0.667,3.46
CSS + JavaScript,MySQL,0.092,0.476,3.46
CSS + Java,MySQL,0.092,0.476,3.46
Java + MySQL,JavaScript,0.11,0.857,3.46
API + Java,Git,0.073,0.727,3.447
CSS + MySQL,Git,0.073,0.727,3.447
SQL,MySQL,0.083,0.474,3.442
MySQL,SQL,0.083,0.6,3.442
JavaScript + SQL,CSS,0.064,0.778,3.391
CSS,Git + JavaScript,0.128,0.56,3.391
Java + JavaScript,CSS,0.193,0.778,3.391
Git + JavaScript,CSS,0.128,0.778,3.391
JavaScript,CSS,0.193,0.778,3.391
CSS,JavaScript,0.193,0.84,3.391
CSS,Java + JavaScript,0.193,0.84,3.391
CSS + Git,HTML,0.083,0.643,3.337
HTML,CSS + Git,0.083,0.429,3.337
Java + Oracle,JavaScript,0.083,0.818,3.303
CSS + MySQL,HTML,0.064,0.636,3.303
SQL,Java + MySQL,0.073,0.421,3.278
Java + MySQL,SQL,0.073,0.571,3.278
Java + MongoDB,CSS,0.055,0.75,3.27
React,CSS,0.055,0.75,3.27
MongoDB,CSS,0.055,0.75,3.27
HTML,Java + JavaScript,0.156,0.81,3.268
JavaScript,HTML,0.156,0.63,3.268
HTML,JavaScript,0.156,0.81,3.268
Java + JavaScript,HTML,0.156,0.63,3.268
MySQL,API,0.073,0.533,3.23
API,MySQL,0.073,0.444,3.23
Java + JavaScript,MySQL,0.11,0.444,3.23
JavaScript,MySQL,0.11,0.444,3.23
MySQL,JavaScript,0.11,0.8,3.23
JavaScript,CSS + HTML,0.147,0.593,3.23
CSS + HTML,JavaScript,0.147,0.8,3.23
MySQL,Java + JavaScript,0.11,0.8,3.23
Oracle,HTML + JavaScript,0.055,0.5,3.206
Oracle,HTML + Java,0.055,0.5,3.206
MySQL,CSS,0.101,0.733,3.197
CSS,MySQL,0.101,0.44,3.197
Git + MySQL,CSS,0.073,0.727,3.171
CI/CD + Java,Agile,0.055,0.667,3.159
CSS + Java,Git,0.128,0.667,3.159
Git,JavaScript,0.165,0.783,3.159
JavaScript,Git,0.165,0.667,3.159
JavaScript + SQL,Git,0.055,0.667,3.159
CSS + JavaScript,Git,0.128,0.667,3.159
Java + JavaScript,Git,0.165,0.667,3.159
Git,Java + JavaScript,0.165,0.783,3.159
Git,CSS + JavaScript,0.128,0.609,3.159
Docker + Java,Agile,0.055,0.667,3.159
Git,CSS + Java,0.128,0.609,3.159
MySQL + SQL,Git,0.055,0.667,3.159
PostgreSQL,JavaScript,0.064,0.778,3.14
CSS + SQL,JavaScript,0.064,0.778,3.14
CI/CD + Java,JavaScript,0.064,0.778,3.14
PostgreSQL,Java + JavaScript,0.064,0.778,3.14
CSS + MySQL,SQL,0.055,0.545,3.129
Git + MySQL,SQL,0.055,0.545,3.129
CSS,Java + MySQL,0.092,0.4,3.114
CSS + React,Java,0.055,1.0,3.114
Agile + MySQL,Java,0.064,1.0,3.114
Agile + JavaScript,Java,0.092,1.0,3.114
Git + SQL,Java,0.064,1.0,3.114
CI/CD + Git,Java,0.064,1.0,3.114
Jira,Java,0.055,1.0,3.114
Java,JavaScript,0.248,0.771,3.114
JavaScript,Java,0.248,1.0,3.114
Git + React,Java,0.055,1.0,3.114
MySQL + jQuery,Java,0.055,1.0,3.114
CI/CD + JavaScript,Java,0.064,1.0,3.114
Java,CSS + Git,0.128,0.4,3.114
CI/CD + Oracle,Java,0.055,1.0,3.114
CSS + jQuery,Java,0.073,1.0,3.114
CSS + Git,Java,0.128,1.0,3.114
CSS + Oracle,Java,0.055,1.0,3.114
JavaScript + MySQL,Java,0.11,1.0,3.114
MongoDB,Java,0.073,1.0,3.114
Git + Oracle,Java,0.055,1.0,3.114
HTML + Oracle,Java,0.055,1.0,3.114
JavaScript + React,Java,0.055,1.0,3.114
Git + jQuery,Java,0.064,1.0,3.114
JavaScript + PostgreSQL,Java,0.064,1.0,3.114
JavaScript + Python,Java,0.064,1.0,3.114
HTML + JavaScript,Java,0.156,1.0,3.114
Git + MongoDB,Java,0.055,1.0,3.114
Git + HTML,Java,0.092,1.0,3.114
Docker + JavaScript,Java,0.055,1.0,3.114
Git + JavaScript,Java,0.165,1.0,3.114
Java,Git + JavaScript,0.165,0.514,3.114
Spring,Java,0.055,1.0,3.114
jQuery,Java,0.083,1.0,3.114
Git + MySQL,Java,0.101,1.0,3.114
API + JavaScript,Java,0.073,1.0,3.114
API + Git,Java,0.073,1.0,3.114
Agile + Java,Docker,0.055,0.429,3.114
MySQL + Oracle,Java,0.055,1.0,3.114
CSS + JavaScript,Java,0.193,1.0,3.114
Java,CSS + JavaScript,0.193,0.6,3.114
CSS + MongoDB,Java,0.055,1.0,3.114
Java + MySQL,CSS,0.092,0.714,3.114
Agile + Oracle,Java,0.055,1.0,3.114
JavaScript + SQL,Java,0.083,1.0,3.114
JavaScript + jQuery,Java,0.083,1.0,3.114
JavaScript + MongoDB,Java,0.064,1.0,3.114
HTML + jQuery,Java,0.055,1.0,3.114
JavaScript + Oracle,Java,0.083,1.0,3.114
Java,HTML + JavaScript,0.156,0.486,3.114
Docker,Agile + Java,0.055,0.4,3.114
Git + Java,CSS,0.128,0.7,3.052
Agile + JavaScript,CSS,0.064,0.7,3.052
CSS,Git + Java,0.128,0.56,3.052
Agile + Java,API,0.064,0.5,3.028
React,JavaScript,0.055,0.75,3.028
Oracle,JavaScript,0.083,0.75,3.028
Java + MySQL,API,0.064,0.5,3.028
API + Git,JavaScript,0.055,0.75,3.028
Git + PostgreSQL,JavaScript,0.055,0.75,3.028
React,Java + JavaScript,0.055,0.75,3.028
Oracle,Java + JavaScript,0.083,0.75,3.028
JavaScript + MySQL,HTML,0.064,0.583,3.028
CI/CD,Git,0.064,0.636,3.016
API + Java,Agile,0.064,0.636,3.016
CI/CD,Agile,0.064,0.636,3.016
MySQL,HTML + Java,0.064,0.467,2.992
HTML + JavaScript,MySQL,0.064,0.412,2.992
MySQL,HTML + JavaScript,0.064,0.467,2.992
HTML + Java,MySQL,0.064,0.412,2.992
API + Java,JavaScript,0.073,0.727,2.936
JavaScript + Oracle,CSS,0.055,0.667,2.907
Git + Java,Docker,0.073,0.4,2.907
MySQL + SQL,CSS,0.055,0.667,2.907
Java,MySQL,0.128,0.4,2.907
Docker,Git + Java,0.073,0.533,2.907
MySQL,Java,0.128,0.933,2.907
Agile + Java,JavaScript,0.092,0.714,2.884
Git + JavaScript,HTML,0.092,0.556,2.884
HTML,Git + JavaScript,0.092,0.476,2.884
API,SQL,0.083,0.5,2.868
JavaScript + MySQL,SQL,0.055,0.5,2.868
SQL,API,0.083,0.474,2.868
Oracle,Java,0.101,0.917,2.855
Docker,Git,0.083,0.6,2.843
Azure,Agile,0.055,0.6,2.843
Docker,Agile,0.083,0.6,2.843
Agile + JavaScript,Git,0.055,0.6,2.843
CSS + MySQL,Java,0.092,0.909,2.831
Java + Oracle,HTML,0.055,0.545,2.831
Java + SQL,JavaScript,0.083,0.692,2.795
Git,HTML + JavaScript,0.092,0.435,2.788
HTML + JavaScript,Git,0.092,0.588,2.788
HTML + Java,Git,0.092,0.588,2.788
Git,HTML + Java,0.092,0.435,2.788
MySQL + SQL,Java,0.073,0.889,2.768
Docker + Git,Java,0.073,0.889,2.768
MySQL,HTML,0.073,0.533,2.768
PostgreSQL,Java,0.073,0.889,2.768
Oracle + SQL,Java,0.073,0.889,2.768
HTML + MySQL,Java,0.064,0.875,2.725
Oracle,Git + Java,0.055,0.5,2.725
Git + PostgreSQL,Java,0.064,0.875,2.725
Agile + HTML,Java,0.064,0.875,2.725
API + MySQL,Java,0.064,0.875,2.725
Agile + CSS,Java,0.064,0.875,2.725
Agile + Java,Git,0.073,0.571,2.708
Java,Git,0.183,0.571,2.708
Git,Java,0.183,0.87,2.708
MySQL + SQL,JavaScript,0.055,0.667,2.691
Oracle + SQL,JavaScript,0.055,0.667,2.691
Docker + Git,JavaScript,0.055,0.667,2.691
Docker + Java,JavaScript,0.055,0.667,2.691
Agile + PostgreSQL,Java,0.055,0.857,2.669
Agile + CI/CD,Java,0.055,0.857,2.669
CSS,Git,0.128,0.56,2.654
Git,CSS,0.128,0.609,2.654
CSS,Java,0.193,0.84,2.616
Java,CSS,0.193,0.6,2.616
Oracle,CSS + JavaScript,0.055,0.5,2.595
Git + Java,HTML,0.092,0.5,2.595
Oracle,CSS + Java,0.055,0.5,2.595
HTML,Git + Java,0.092,0.476,2.595
Python,API,0.055,0.429,2.595
Java + MySQL,HTML,0.064,0.5,2.595
Agile + Java,HTML,0.064,0.5,2.595
Oracle,HTML,0.055,0.5,2.595
Java + Oracle,Git,0.055,0.545,2.585
Java + Oracle,Agile,0.055,0.545,2.585
CI/CD,JavaScript,0.064,0.636,2.569
CI/CD,Java + JavaScript,0.064,0.636,2.569
Java + SQL,Git,0.064,0.538,2.552
CI/CD,Java,0.083,0.818,2.548
MySQL,CSS + HTML,0.064,0.467,2.543
Java,HTML,0.156,0.486,2.521
HTML,Java,0.156,0.81,2.521
CSS + HTML,Java,0.147,0.8,2.491
Java,CSS + HTML,0.147,0.457,2.491
Agile + Java,SQL,0.055,0.429,2.459
Git + Java,API,0.073,0.4,2.422
CSS + SQL,Java,0.064,0.778,2.422
Docker,Git + JavaScript,0.055,0.4,2.422
API + Agile,Java,0.064,0.778,2.422
API,Git + Java,0.073,0.444,2.422
Java + Oracle,CSS,0.055,0.545,2.378
Oracle,Agile,0.055,0.5,2.37
API,Agile,0.083,0.5,2.37
Java + MySQL,Agile,0.064,0.5,2.37
Oracle,Git,0.055,0.5,2.37
Java + SQL,CSS,0.064,0.538,2.348
React,Java,0.055,0.75,2.336
Git,Agile,0.101,0.478,2.267
Agile,Git,0.101,0.478,2.267
Agile + Git,Java,0.073,0.727,2.265
HTML,Git,0.092,0.476,2.257
Git,HTML,0.092,0.435,2.257
SQL,Agile,0.083,0.474,2.245
MySQL,Agile,0.064,0.467,2.212
Agile + Git,JavaScript,0.055,0.545,2.202
Java + SQL,Agile,0.055,0.462,2.187
Oracle,CSS,0.055,0.5,2.18
Agile + Java,CSS,0.064,0.5,2.18
CSS + HTML,Git,0.083,0.45,2.133
SQL,Java,0.119,0.684,2.131
API,Git,0.073,0.444,2.106
Agile + Docker,Java,0.055,0.667,2.076
Agile + SQL,Java,0.055,0.667,2.076
SQL,CSS,0.083,0.474,2.065
Python,Agile,0.055,0.429,2.031
Python,Java + JavaScript,0.064,0.5,2.019
Python,JavaScript,0.064,0.5,2.019
HTML + Java,Agile,0.064,0.412,1.951
HTML + JavaScript,Agile,0.064,0.412,1.951
SQL,Java + JavaScript,0.083,0.474,1.912
SQL,JavaScript,0.083,0.474,1.912
API,Java,0.101,0.611,1.903
Agile,Java,0.128,0.609,1.896
Git + Java,Agile,0.073,0.4,1.896
Java,Agile,0.128,0.4,1.896
Docker,Java,0.083,0.6,1.869
API,JavaScript,0.073,0.444,1.794
API,Java + JavaScript,0.073,0.444,1.794
Agile,JavaScript,0.092,0.435,1.755
Agile,Java + JavaScript,0.092,0.435,1.755
Docker,Java + JavaScript,0.055,0.4,1.615
Docker,JavaScript,0.055,0.4,1.615
Python,Java,0.064,0.5,1.557
>>>>>>> 88ebbc66c86a374cc4740ec607e764af913d3a74
